Table,Manufacturer,Year,Author,VPW/toolkit,Download,VPS-ID,Date added,Vouched for by,Confidence,"Notes, comments",Comp. Corner,C.C. last played,Rules/Instruction Cards,Tutorials
24,Stern,2009,RobbyKingPin,,24 (Stern 2009) - Modified (MOD) Games - Virtual Pinball Universe,QcOG228URt,08/06/2025,Frostaz,Full,,,02/06/2025,https://24.fandom.com/wiki/24_pinball,https://www.pinballnews.com/games/24/index4a.html
A Charlie Brown Christmas,Original,2023,iDigStuff,,A Charlie Brown Christmas feat. The Vince Guaraldi Trio (iDigStuff 2023) w/ VR Room - VPX - Pinball Tables,IW7Z0lOheZ,05/01/2024,Colvert,Full,,,31/12/2023,,
AC/DC Luci,Stern,2013,VPW,,ACDC LUCI (Stern 2013) VPW Mod - VPX - Pinball Tables,butCgIcLzI,28/06/2023,PinStratsDan,Full,,,06/02/2023,acdc rulesheet,For Those About to Rock: How to Play Stern's AC/DC Pinball
Adventures of Rocky and Bullwinkle and Friends,Data East,1993,Cyberpez,,Adventures of Rocky and Bullwinkle and Friends (Data East - 1993) v1.06 - VPX - Pinball Tables,ncBxxDuBlr,15/06/2024,ballmrk,Low,Problems detected in C.C.,,10/06/2024,Pinball Archive Rule Sheet: The Adventures of Rocky and Bullwinkle and Friends,Rocky & Bullwinkle Pinball Tutorial & Gameplay (Data East 1993)
Alien Poker ,Williams,1980,Bord,,Alien Poker (Williams 1980) - VPX - Pinball Tables,KB524fEp,28/06/2023,PinStratsDan,Full,,,08/11/2021,Alien Poker - Pinball Rules,Alien Poker Pinball Tutorial
Alien Star,Gottlieb,1984,UnclePaulie,,Alien Star (Gottlieb 1984),EE7Sw0ydR5,01/09/2025,S0l1dxsnake,Full,,,01/09/2025,Alien Star - Pinball Rules,Gottlieb Alien Star pinball machine; in depth review and gameplay.
Apollo 13,Sega,1995,UnclePaulie,,Apollo 13 (Sega 1995) w VR Room - VPX - Pinball Tables,Dln8y0RtYj,04/07/2023,Colvert,Full,,,,Pinball Archive Rule Sheet: Apollo 13,https://pinballprimer.github.io/apollo13_G411e.html
Atlantis ,Bally,1989,UnclePaulie,,Atlantis (Bally 1989) w VR Room - VPX - Pinball Tables,rfiQb9C3vk,28/06/2023,PinStratsDan,Full,,,04/07/2022,Atlantis (1989),Unlock The Secrets Of Atlantis
Atlantis ,Gottlieb,1975,EMUnderdogs,,Atlantis (Gottlieb 1975) 1.3.2 Hybrid FS-DT-VR - VPX - Pinball Tables,ZMHjwdbiVT,16/06/2025,Intelekt,Full,,,16/06/2025,Atlantis - Pinball Rules,
Attack from Mars,Bally,1995,"G5K,Fluffhead,Tomate",,Attack from Mars Bally 1995 g5k 1311vpx,GU7EA7ls,01/10/2023,Houseofhayne,Full,,,31/03/2025,Pinball Archive Rule Sheet: Attack From Mars,Attack from Mars Pinball Tutorial - Mobile Version
Avatar,Stern,2012,Tartzani,,Avatar (Stern 2012)OqqsanMod - VPX - Pinball Tables,DYof1TQz0-,18/11/2023,Colvert,Full,,,,Avatar,Avatar (Stern 2012)  - VPX Video Instruction
Austin Powers,Stern,2001,VPW,,Austin Powers (Stern 2001) VPW Mod - VPX - Pinball Tables,OH-PKb4h,01/07/2024,Colvert,Low,,,,"Austin Powers Rulesheet Version 0.99 (Mar/02/2003), by David Gersic",VPX Pinball Tutorial: Austin Powers (Stern 2001)
Bad Cats,Bally,1989,VPW,,Bad Cats (Williams 1989) VPW Mod - VPX - Pinball Tables,AlOFdxml,28/06/2023,Exarkun0239,Full,Cat's Meow rom for more balanced scoring ? ,,07/04/2025,Bad Cats - Pinball Archive Rule Sheet,Rules & Strategies
Barracora ,Williams,1981,UnclePaulie,,Barracora (Williams 1981) w VR Room - VPX - Pinball Tables,Y2dLc3QDej,28/06/2023,PinStratsDan,Full,,,27/02/2023,Barracora (Williams 1981) - Wiki Rulesheets - Tilt Forums,Barracora Pinball Tutorial
Baseball,Gottlieb,1970,EMUnderdogs,,Baseball (Gottlieb 1970) 1.2.1 - VPX - Pinball Tables,jSQ2WWV6hQ,10/06/2025,Ed209,Full,,,09/06/2025,Baseball - Pinball Rules,
Batman ,Data East,1991,VPW,,Batman (Data East 1991) VPW - VPX - Pinball Tables,99azbvfU,28/06/2023,xcoff33x,Full,,,24/06/2024,https://vpuniverse.com/screenshots/monthly_2024_02/Batman(DataEast1991).jpg.92977084c74be3f1fbc181e1d1180c6a.jpg,Data East Batman Pinball Gameplay Tutorial
Batman 66 Stern Tribute,Stern,2016,Daphisbowl,,Batman 66 Stern Tribute,UYz53f4Vy5,18/09/2023,Colvert,Medium,Scoring bug ?,,05/07/2021,Batman 66 Rulesheet,Batman 66 Pinball Tutorial
Batman the Dark Knight ,Stern,2008,Bord,,Batman [The Dark Knight] (Stern 2008) bord mod - VPX - Pinball Tables,3BdkPyKqr6,28/06/2023,PinStratsDan,Full,,,19/09/2022,batman,Batman Dark Knight Pinball Tutorial
Baywatch,Sega,1995,Loaded Weapon,,Baywatch (nFozzy) - VPX - Pinball Tables,CT4Kk8pF1z,15/09/2025,Jutsuka,Full,,,15/09/2025,https://arcarc.xmission.com/Pinball/PDF%20Pinball%20Manuals%20and%20Schematics/Baywatch%20Sample%20Manual.pdf,Baywatch Pinball Tutorial
Beat the Clock,Bally,1985,VPW,,Beat The Clock (Bally 1985) VPW - VPX - Pinball Tables,M_-abOpiP4,30/06/2024,Colvert,Full,,,30/09/2024,Beat the Clock - Pinball Rules,Beat the Clock Pinball by Williams
Beavis and Butthead ,Original,2023,cHuGaLaeFoo,,"Beavis And Butthead Pinball Stupidity - nFozzy physics, Fleep Sounds, LUT, DOF",JCnmBfOopT,28/06/2023,PinStratsDan,Full,,,,Beavis And Butthead Pinball Stupidity (chug 2023) Instruction Cards,
Big Bang Bar ,Capcom,1996,VPW,,Big Bang Bar (Capcom 1996) VPW - VPX - Pinball Tables,Ds1b7cXKb2,28/06/2023,Emb417,Full,,,30/12/2024,Pinball Archive Rule Sheet: Big Bang Bar,VPX Pinball Tutorial: Big Bang Bar (Capcom 1996)
Big Brave ,Gottlieb,1974,Hauntfreaks,,Big Brave (Gottlieb 1974) - VPX - Pinball Tables,yoYq8qIg,28/06/2023,PinStratsDan,Full,,,,Big Brave - Pinball Rules,
Big Buck Hunter Pro,Stern,2010,TastyWasps,,Big Buck Hunter Pro (Stern 2010) - VPX - Pinball Tables,XyIigsNsKG,17/05/2024,Colvert,Full,,,15/04/2024,https://www.pinballnews.com/games/bigbuckhunter/index6.html,Hello and welcome to the second part of the exclusive Pinball News In-Depth Review of Stern's Big Buck Hunter Pro pinball.
Big Shot,Gottlieb,1974,Rothbauerw,,Big Shot Gottlieb 1974,akqRhW76,12/09/2023,Studlygoorite,Full,,,,Big Shot (pinball) - Wikipedia,The Pinball Arcade: Big Shot (1973) Walkthrough
Black Knight ,Williams,1980,Bord,,Black Knight (Williams 1980) - VPX - Pinball Tables,EeMZzrFG,28/06/2023,PinStratsDan,Full,,,22/11/2021,Pinball Archive Rule Sheet: Black Knight,Black Knight Tactics and Strategies | Digital Pinball Fans
Black Knight 2000 ,Williams,1989,UnclePaulie,,Black Knight 2000 (Williams 1989) w VR Room - VPX - Pinball Tables,RcPhgFiL1b,28/06/2023,den_laef,Full,,,15/07/2024,Pinball Archive Rule Sheet: Black Knight 2000,"Black Knight 2000 (Williams, 1989) 5/16/19 ""Bro, do you even pinball?"""
Black Pyramid,Bally ,1984,UnclePaulie,,Black Pyramid (Bally 1984) - VPX - Pinball Tables,PJONQBPyzJ,15/04/2025,Lminimart,Full,Rollover 10 M,,14/04/2025,Black Pyramid - Pinball Rules,"""Black Pyramid"" - a Virtual Pinball Tutorial"
Black Rose ,Bally,1992,VPW,,Black Rose (Bally 1992) VPW Mod - VPX - Pinball Tables,zUJ07JKe,28/06/2023,S0l1dxsnake,Full,,,22/09/2025,Pinball Archive Rule Sheet: Black Rose,Become Queen of the High Seas with the Black Rose Pinball Tutorial
Blackout,Williams,1980,Schlabber34,,Blackout (Williams 1980) - Schlabber34 - VPX - Pinball Tables,An6STuPS,01/07/2023,PinStratsDan,Full,,,,Blackout - Pinball Rules,Blackout Pinball (Williams 1980) Tutorial and Gameplay
Blizzard of Ozz,Original,2025,ZandysArcade,,The Blizzard of Ozz - VPX - Pinball Tables,ecjSchd5Od,24/11/2025,Mikepmcs,Full,,,24/11/2025,,
Blood Machines ,Original,2022,VPW,,Blood Machines (VPW Original 2022) - VPX - Pinball Tables,8ptfy_gf-Q,28/06/2023,PinStratsDan,Full,,,25/04/2022,Blood Machines (VPW 2022) - VPX Video Instruction,You too can defeat Galdor! Blood Machines (VPW 2022) 2.0 - Strategy Guide - Visual Pinball X / VPX
Bobby Orr Power Play ,Bally,1977,Bord,,Bobby Orr Power Play (Bally 1977) - VPX - Pinball Tables,T3W8qNSq,28/06/2023,PinStratsDan,Full,,,11/04/2022,Bobby Orr's Power Play - Pinball Rules,Bobby Orr Power Play Mini-Guide | Pinball for Mortals!
Bounty Hunter,Bord,1985,Bord,,Bounty Hunter (Gottlieb 1985) - VPX - Pinball Tables,kTyP2pr9,16/09/2023,Colvert,Full,,,,Bounty Hunter (Gottlieb 1985) Instruction Cards - Instruction Cards - Virtual Pinball Universe,1985 Premier/Gottlieb Bounty Hunter Pinball Gameplay / Tutorial
Bram Stoker Dracula,Williams,1993,VPW,,Bram Stoker's Dracula (Williams 1993) VPW - VPX - Pinball Tables,ZSnK0UJRm6,20/10/2024,Jutsuka,Full,,,21/10/2024,Pinball Archive Rule Sheet: Bram Stoker's Dracula,"How to Play Bram Stoker's Dracula Pinball Machine | Rules, Tutorial & Strategy | Kineticist"
Breakshot,Capcom,1996,VPW,,Breakshot (Capcom 1996) - VPX - Pinball Tables,5QKRlioCxO,30/06/2024,den_laef,Full,,,22/07/2024,"Breakshot Rulesheet Version 1.0, by FSPA",Breakshot Pinball - Full Tutorial and Playthrough
Buck Rogers,Gottlieb,1980,UnclePaulie,,Buck Rogers (Gottlieb 1980) - VPX - Pinball Tables,kwrsDl4fV-,01/02/2026,Colvert,Full,,,,"Buck Rogers (Gottlieb, 1980)",Buck Rogers Tutorial and Playthrough  on Legends Pinball
Cactus Canyon ,Bally,1998,VPW,,Cactus Canyon (& Continued) (Bally 1998) VPW Mod - VPX - Pinball Tables,Z7qrllPW,28/06/2023,PinStratsDan,Full,,,11/03/2024,Cactus Canyon - Rule Sheet - Pinball - By Llamaman2 - GameFAQs,Cactus Canyon (Bally 1998) - VPX Video Instruction
Cactus Jack's ,Gottlieb,1991,UnclePaulie,,Cactus Jacks (Gottlieb 1991) w VR Room - VPX - Pinball Tables,d53_5NH4ne,28/06/2023,PinStratsDan,Full,,,,https://imgproxy.pinside.com/1knbmEso6MHBC2YydF6vevvzvzLlxrvhYArfqhlm2io/rs:fit:2048/fn:pinside_archive_73_c1ab0fe76944/enc/A6WY1dCJkldLT1mozhd1OixmrkfeQ85L-pFJm2k3xi1TAIHcb_k5I0sLFABoxgwVtqTkQ2qM14jUBwpBvjwAecP66HpjL1zu9ONENC2H-bjHDgFwyKU1l6ArXAdpH7vF.jpg,
Canasta 86 ,Inder,1986,Nestorgian,,Canasta 86 (Inder 1986) PhysicsMOD - Modified (MOD) Games - Virtual Pinball Universe,XQz9GBap2o,28/06/2023,PinStratsDan,Full,,,,,
Captain Fantastic & The Brown Dirt Cowboy,Bally,1976,leojreimroc,,Capt. Fantastic and The Brown Dirt Cowboy (Bally 1976) - VPX - Pinball Tables,P8P0G7DMfT,12/09/2023,Studlygoorite,Full,,,,"Capt. Fantastic Rulesheet Version 1.0 (Aug/14/1997), by Scott R. Tiesma",
Catacomb,Stern,1981,UnclePaulie,,Catacomb (Stern 1981) - VPX - Pinball Tables,CC1fsHkERI,13/02/2026,Dstructv,Full,,,09/02/2026,Stern Catacomb Rules and Gameplay,Catacomb (1981) Pinball Machine by Stern Electronics | IPDB Alternative
Centaur ,Bally,1981,UnclePaulie,,Centaur (Bally 1981) - VPX - Pinball Tables - Virtual Pinball Universe,tYnMYcfp0I,28/06/2023,Lminimart,Full,Rollover 10 M,,28/04/2025,centaur,Centaur Pinball | Tutorial (english)
Checkpoint,Data East,1991,Nestorgian,,Checkpoint (Data East 1991)2.0 - VPX - Pinball Tables,cgGHIB6lm4,01/07/2023,PinStratsDan,Full,,,,Checkpoint - Pinball Archive Rule Sheet,
Cheetah,Stern,1980,FrankEinstein,,Cheetah (Stern 1980) - VPX - Pinball Tables,QjgTwfslRw,20/08/2024,mikepmcs,Full,,,05/08/2024,Cheetah - Pinball Rules,Cheetah Pinball Tutorial & Gameplay (Stern Electronics 1980)
Cirqus Voltaire,Bally,1997,VPW,,Cirqus Voltaire Bally 1997 vpw mod,rEHR1gcLVn,23/09/2023,DeadMansPants,Full,,,01/12/2025,Cirqus Voltaire,Cirqus Voltaire Pinball Tutorial & Gameplay (Bally Williams 1997)
Class of 1812,Gottlieb,1991,UnclePaulie,,Class of 1812 (Gottlieb 1991) w VR Room - VPX - Pinball Tables,rOVXuHYS,20/11/2023,ballMRK,Full,,,07/10/2024,,"""Class 1812"" Tutorial & Playthrough on Legends Pinball"
Comet ,Williams,1985,UnclePaulie,,Comet (Williams 1985) w VR Room - VPX - Pinball Tables,OzWKJbrv,28/06/2023,PinStratsDan,Full,,,05/09/2022,Comet Rules Sheet,Comet pinball tutorial
Congo ,Williams,1995,VPW,,Congo (Williams 1995) VPW Mod - VPX - Pinball Tables,IQpZNVvo,28/06/2023,PinStratsDan,Full,Midnight Madness mode,,21/11/2022,Congo - Pinball Archive Rule Sheet,Congo (Williams 1995) - VPX Video Instruction
Countdown,Gottlieb,1979,VPW,,Count-Down (Gottlieb 1979) - VPX - Pinball Tables - Virtual Pinball Universe,-vHQqSw_Bx,08/07/2025,Laef,Full,Rollover 1 M,,14/07/2025,Count-Down - Pinball Rules,1979 Gottlieb Count-Down Pinball Gameplay & Tutorial! Who likes Drop Targets! - YouTube
Creature From The Black Lagoon,Bally,1992,VPW,,Creature From The Black Lagoon (Bally 1992) Minimal - VR - Virtual Reality Pinball,-M9gl48K,01/07/2023,Mikepmcs,Full,,,07/07/2025,Pinball Archive Rule Sheet: Creature from the Black Lagoon,Creature from the Black Lagoon Pinball Tutorial - Mobile Version
Cue Ball Wizard,Gottlieb,1992,Mikcab,,Cue Ball Wizard (Gottlieb 1992) Mikcab_Mod - Modified (MOD) Games - Virtual Pinball Universe,Usnyu--CEf,12/09/2023,Apophis,Full,,,,"Cue Ball Wizard Rulesheet (May/04/1993), by Jerry Duffy",
CupHead Pro Perdition Edition,Original,2020,OneVox,,"Cuphead Pro, Perdition Edition (D.Goblett & Co. 2020) - VPX - Pinball Tables",WqVCVjSP,18/09/2023,Colvert,Full,,,13/06/2022,,
Cyber Race,Original,2023,flux,,Cyber Race (Flux Original 2023) - VPX - Pinball Tables - Virtual Pinball Universe,peImTeYd43,17/02/2025,Ed209,Full,,,10/02/2025,CyberRace (Flux Original 2023) Instruction Card - Instruction Cards,
Dark Chaos,Original,2025,Apophis,,Dark Chaos (apophis 2025) - VPX - Pinball Tables,ePSwAxXZi6,21/04/2025,Laef,Full,,,21/04/2025,Dark Chaos - VPX Table Overview,Dark Chaos (apophis 2025) VPX Pinball Tutorial
Darkest Dungeon,Original,2023,Vpxpinballwizards,,Darkest Dungeon Table & Pup - PuP-Pack Original (PuP-Original) Game Creations - Virtual Pinball Universe,8neiKBTNGj,23/01/2026,PinStratsDan,Full,,,19/01/2026,in the download,
Deadly Weapon,Gottlieb,1990,Schlabber34,,Deadly Weapon Gottlieb (1990) - VPX - Pinball Tables,MtaSLd2Syp,24/02/2026,S0l1dxsnake,,,,23/02/2026,,
Defender ,Williams,1981,VPW,,Defender (Williams 1982) VPW - VPX - Pinball Tables,XJIqrWKHAC,28/06/2023,PinStratsDan,Full,,,21/03/2022,https://www.pinrepair.com/sys37/manuals/wms7-defender-op.pdf,Williams Defender pinball
Die Hard Trilogy,Original,2023,VPW,,Die Hard Trilogy (VPW 2023) - VPX - Pinball Tables,C1m5TY2-TY,05/01/2024,Ballmrk,Full,,,22/12/2025,Die Hard Trilogy (VPW 2023) Instruction Card,Die Hard Trilogy (VPW 2023) - VPX Video Instruction
Diner ,Williams,1990,VPW,,Diner (Williams 1990) VPW Mod - VPX - Pinball Tables,9-YJeZ-RkH,28/06/2023,PinStratsDan,Full,,,28/02/2022,Diner - Pinball Archive Rule Sheet,Diner Pinball Tutorial
Dirty Harry ,Williams,1995,TastyWasps,,Dirty Harry (Williams 1995) - VPX - Pinball Tables,_Dir4AjsH8,28/06/2023,PinStratsDan,Full,Midnight Madness mode,,,Pinball Archive Rule Sheet: Dirty Harry,Dirty Harry Pinball Tutorial
Dr Dude & His Excellent Ray,Bally,1990,wrd1972,,Dr. Dude & His Excellent Ray (Bally 1990) - VPX - Pinball Tables,YSh_n9Vg,12/09/2023,Colvert,Full,Competition rom available,,02/10/2023,Pinball Archive Rule Sheet: Dr. Dude,Dr Dude Tutorial
Dr Who ,Bally,1992,VPW,,Doctor Who (Bally 1992) VPW Mod - VPX - Pinball Tables,VY2Q81uV,28/06/2023,Ballmrk,Full,,,23/06/2025,Pinball Archive Rule Sheet: Dr. Who,Doctor Who Pinball Tutorial
Dracula ,Stern,1979,Bord,,Dracula (Stern 1979) - VPX - Pinball Tables,6pssSgrZ,28/06/2023,PinStratsDan,Full,,,,Pinball Archive Rule Sheet: Bram Stoker's Dracula,Multiballs of Madness! How to Play Bram Stoker's Dracula Pinball Machine | Kineticist
Dragonfist,Stern,1981,UnclePaulie,,Dragonfist (Stern 1981) - VPX - Pinball Tables - Virtual Pinball Universe,cwjR63kne3,06/01/2025,Kentayeyen,Full,,,06/01/2025,Dragonfist (stern 1981) Instrictions card - Instruction Cards - Virtual Pinball Universe,
Dungeons & Dragons,Bally,1987,RobbyKingPin,,Dungeons and Dragons (Bally 1987) - Modified (MOD) Games - Virtual Pinball Universe,QrU6V1UoUr,15/02/2026,Dstructv,Full,Rollover 10M,,16/02/2026,Dungeons and Dragons (Bally 1987) Instruction Card - Instruction Cards - Virtual Pinball Universe,Dungeons and Dragons (1987)
Earthshaker,Williams,1989,VPW,,Earthshaker (Williams 1989) VPW - VPX - Pinball Tables,crFmm7IfsF,03/06/2024,Colvert,Full,,,27/05/2024,Pinball Archive Rule Sheet: Earthshaker,"""Earthshaker"" - a Virtual Pinball Tutorial"
Eight Ball Deluxe,Bally,1981,Bord,,Eight Ball Deluxe (1981) - VPX - Pinball Tables,q4X09jzf,17/05/2024,Colvert,Full,,,29/04/2024,Pinball Archive Rule Sheet: Eight Ball Deluxe,Eight Ball Deluxe Pinball Tutorial
Elektra ,Bally,1981,UnclePaulie,,Elektra (Bally 1981) w VR Room - VPX - Pinball Tables,1Rsqf2lWzv,28/06/2023,PinStratsDan,Full,,,11/09/2023,"Elektra Owners Club & Restorations, Fans Also Welcome | All clubs (...members only!) | Pinside.com",
Elvis ,Stern,2004,Chokeee,,Elvis (Stern 2004) MOD 2.0 - VPX - Pinball Tables,VBiGyjgZ,28/06/2023,PinStratsDan,Full,,,13/02/2023,elvis,1981 Bally Elektra Pinball Tutorial / Gameplay. 1st 3 level Machine!
Embryon,Bally,1981,UnclePaulie,,Embryon (Bally 1981) w VR Room - VPX - Pinball Tables,pYinRfnhfG,03/09/2023,Primetime5k,Full,,,19/05/2025,Embryon - Pinball Rules,Embryon Pinball Tutorial & Gameplay (Bally 1981)
F-14 Tomcat,Williams,1987,VPW,,F-14 Tomcat (Williams 1987) VPW Mod - VPX - Pinball Tables - Virtual Pinball Universe,YsQs-_ejWL,16/01/2025,Wolfanoz,Full,Rollovered on original physics,,16/12/2024,F-14 Tomcat (1987),How to play F14
Fathom ,Bally,1981,UnclePaulie,,Fathom (Bally 1981) w VR Room - VPX - Pinball Tables,-cNcV9KV,27/09/2023,lminimart,Full,,,08/07/2024,Fathom Revisited Rulesheet,Fathom Pinball Tutorial
Fish Tales,Williams,1992,VPW,,Fish Tales VPW - VPX - Pinball Tables,9FuFBUxfy8,06/02/2024,Colvert,Full,,,05/02/2024,Fish Tales - Pinball Archive Rule Sheet,Fish Tales Pinball Tutorial - YouTube
Flash ,Williams,1979,Bord,,Flash (Williams 1979) - VPX - Pinball Tables,l-WMdk7X,28/06/2023,PinStratsDan,Full,,,,Flash,Williams Flash (1979) - Live Pinball Machine Tutorial
Flash Gordon,Bally,1981,Rothbauerw,,Flash Gordon (Bally 1981) - VPX - Pinball Tables,M1FFYDXz,01/07/2023,PinStratsDan,Full,,,06/11/2022,Flash Gordon - Pinball Rules,Flash Gordon Pinball Tutorial - Mobile Version
Frontier,Bally,1980,UnclePaulie,,Frontier (Bally 1980) - VPX - Pinball Tables,LTX_apM_0L,04/02/2026,Lminimart,Full,,,02/02/2026,https://pinballprimer.github.io/frontier_GRwjq.html,
Futurama,Original,2024,Wizball,,Futurama (Original 2024) - VPX - Pinball Tables,k_w8Y3slND,02/09/2024,Ballmrk,Full,,,26/08/2024,,
Galaxy,Stern,1980,Bord,,Galaxy (Stern 1980) - VPX - Pinball Tables,znNFli5nep,01/07/2023,PinStratsDan,Full,,,,Galaxy - Pinball Rules,
Game of Thrones LE,Stern,2015,VPW,,Game of Thrones LE (Stern 2015) VPW - VPX - Pinball Tables,Xv2JtB8_a1,28/06/2023,HouseofHayne,Full,Midnight Madness mode,,25/08/2025,Game of Thrones Pinball Rulesheet,SDTM: Ultimate Game of Thrones pinball Tutorial Part 1
Genesis ,Gottlieb,1986,SG1bsoN,,Genesis (Gottlieb 1986) SG1bsoN Mod - VPX - Pinball Tables,flZU1Zgd,28/06/2023,PinStratsDan,Full,,,,https://www.pinballrebel.com/game/pins/instruction/genesis.gif,Genesis Pinball Tutorial
Genie ,Gotlieb,1979,Bord,,Genie (Gottlieb 1979) - VPX - Pinball Tables,es74KTIZ,28/06/2023,PinStratsDan,Full,,,09/10/2023,Genie - Pinball Rules,Gottlieb Genie Pinball Gameplay & Tutorial with updated Pascal CPU software.
Gilligan's Island,Bally,1991,TastyWasps,,Gilligan's Island (Bally 1991) - VPX - Pinball Tables,AckMgFuPhC,20/11/2023,Colvert,Full,,,,Pinball Archive Rule Sheet: Gilligan's Island,How to Play: Episode 1 Gilligan's Island Pinball tutorial
Godzilla ,Sega,1998,VPW,,Godzilla (Sega 1998) VPW - VPX - Pinball Tables,mQ5U0pfcc7,17/09/2023,HayJay,Full,,,18/12/2023,"(PDF) Godzilla Rulesheet v1.0 by Dan Bradford Godzilla · 2019-08-30 · Godzilla Rulesheet v1.0 by Dan Bradford . Godzilla . by Sega January 1998, was designed by Joe Balcer with software - DOKUMEN.TIPS",SDTM Episode 87: Godzilla Pinball Machine Reviewhttps://www.youtube.com/watch?v=ZNIBQL5tRr0&t=1270s
Goldeneye ,Sega,1996,VPW,,Goldeneye (Sega 1996) VPW Mod - VPX - Pinball Tables,n_4piuthCj,28/06/2023,PinStratsDan,Full,,,28/08/2023,Pinball Archive Rule Sheet: Goldeneye,
Gorgar,Williams,1979,RetroRitchie,,Gorgar (Williams 1979) - VPX - Pinball Tables - Virtual Pinball Universe,_oViKbTpDo,13/11/2024,Colvert,Full,,,,Gorgar - Pinball Rules,"""Gorgar"" - a Pinball Tutorial + Bonus Content!"
Guardians of the Galaxy ,Stern,2017,Pincredibles,,Guardians of The Galaxy - PuP-Pack Original (PuP-Original) Game Creations - Virtual Pinball Universe,pq6RYRws,28/06/2023,PinStratsDan,Full,,,22/08/2022,Guardians of the Galaxy Pinball Rulesheet (WIP),Guardians of the Galaxy Pinball Tutorial
Guns N' Roses,Data East,1994,VPW,,Guns N' Roses VPW Edition - VPX - Pinball Tables,1cD0itEsay,01/10/2023,Colvert,Full,,,04/12/2023,Pinball Archive Rule Sheet: Guns 'n' Roses,https://www.facebook.com/watch/?v=1105146080088700
Halloween 1978-1981,Original,2022,HiRez00,,Halloween 1978-1981 (Original 2022) VPX,PbXCoo8mKk,28/06/2023,PinStratsDan,Full,,,31/10/2022,press and hold the right magnasave before starting an actual game,
Hang Glider,Bally,1976,VPW,,Hang Glider (Bally 1976) - VPX - Pinball Tables,K3mZhWVo,30/06/2024,Colvert,Full,,,,Hang Glider (1976),Hang Glider (Bally 1976) - VPX Video Instruction
Harlem Globetrotters On Tour,Bally,1979,VPW,,Harlem Globetrotters on Tour (Bally 1979) VPW,u1nmwKYnbD,12/09/2023,Frostaz,Full,,,23/09/2024,Harlem Globetrotters On Tour Mini-Guide | Pinball for Mortals!,Harlem Globetrotters (Bally 1979) - VPX Instruction Video
Harry Potter,Original,2020,Orbitalpin,,Harry Potter – Under the Glass – Orbital Pinball,6e5ju8yO,10/07/2023,Primetime5k,Medium,"Stock physics, infinite balls in some modes",,,Rules & Docs – Orbital Pinball,
Haunted House,Gottlieb,1982,VPW,,Haunted House (Gottlieb 1982) VPW - VPX - Pinball Tables,TscqlNWDQz,06/11/2023,Colvert,Full,HH7 rom for 7 digit scoring,,30/10/2023,Haunted House (1982),Haunted House (Gottlieb 1982) - VPX Video Instruction
High Speed ,Williams,1986,Chokeee,,High Speed MOD - VPX - Pinball Tables,fXCQ03cN,28/06/2023,PinStratsDan,Full,,,07/08/2023,Pinball Archive Rule Sheet: High Speed,High Speed Pinball Tutorial
High Speed II: The Getaway ,Williams,1992,Chokeee ,,The Getaway: High Speed II MOD - VPX - Pinball Tables,g0QpG_nVzj,28/06/2023,Pinblaze,Full,,,04/11/2024,Pinball Archive Rule Sheet: High Speed II: The Getaway,The Getaway: High Speed II Mini-Guide | Pinball for Mortals!
Hook ,Data East,1992,VPW,,Hook (Data East 1992) VPW Mod - VPX - Pinball Tables,jJnyuyzx,28/06/2023,PinStratsDan,Full,,,27/09/2021,https://www.maaca.org/download/file.php?id=8774&sid=ad7d18e1ddb8d4ac25da25cb36cc2582,Hook (Data East 1992) - VPX Instruction Video
Indiana Jones The Pinball Adventure ,Williams,1993,VPW,,Indiana Jones The Pinball Adventure (Williams 1993) VPWmod - VPX,yY_jeCZi,28/06/2023,Jutsuka,Full,,,24/02/2025,Pinball Archive Rule Sheet: Indiana Jones,Indiana Jones Pinball Tutorial
Indianapolis 500 ,Bally,1995,TastyWasps,,Indianapolis 500 (Bally 1995) - VPX - Pinball Tables,JWpSQr6u83,28/06/2023,PinStratsDan,Medium,Balls stuck under ramps. Lost balls during multiball in Turbocharger,,03/07/2023,Pinball Archive Rule Sheet: Indianapolis 500,Indianapolis 500 Pinball Tutorial
Iron Maiden Legacy of the Beast ,Stern,2018,VPW,,Iron Maiden Legacy of the Beast (Original 2022) VPW - VPX - Pinball Tables,_UMEFSmYor,28/06/2023,PinStratsDan,Full,,,13/05/2024,Iron Maiden Pinball Rulesheet,"Iron Maiden Pinball Tutorial, Strategy & Rules Guide | Kineticist"
Iron Man Vault Edition,Stern,2010,VPW,,Iron Man Vault Edition (Stern 2014) VPW Edition - VPX - Pinball Tables,tvk7ADQG9r,28/06/2023,PinStratsDan,Full,,,04/03/2024,this second part of our exclusive in-depth review of Stern's Iron Man.,Iron Man Pinball Tutorial
IT Pinball Madness ,Original,2022,JP Salas & Joe Picasso,,It Pinball Madness - VPX,fvb6yyiKqi,28/06/2023,PinStratsDan,Full,,,09/01/2023,in the download ,
Jack Bot ,Williams,1995,Bord,,Jack·Bot (Williams 1995) - VPX - Pinball Tables,gRRS4ld1,28/06/2023,PinStratsDan,Full,,,21/02/2022,Pinball Archive Rule Sheet: Jack*Bot,Jackbot Pinball Tutorial
Jive Time,Williams,1970,Rothbauerw,,Jive Time (Williams 1970) - VPX - Pinball Tables,LENyN6mF,12/09/2023,Studlygoorite,Full,,,,Jive Time (1970),
Johnny Mnemonic,Williams,1995,VPW,,Johnny Mnemonic (Williams 1995) - VPX - Pinball Tables,0C5wsuEWh1,18/08/2023,Colvert,Full,Midnight Madness mode,,04/09/2023,Pinball Archive Rule Sheet: Johnny Mnemonic,Johnny Mnemonic (Williams 1995) - VPX Video Instruction
Joker Poker,Gottlieb,1978,HiRez00,,Joker Poker EM (Gottlieb 1978) - 'Smokey Blues Edition' - VPX - Pinball Tables,UImLRY66p7,29/06/2023,HayJay,Full,,,,Joker Poker - Pinball Rules,Joker Poker Pinball Minutorial
Jokerz ,Williams,1988,VPW,,Jokerz! (Williams 1988) VPW - VPX - Pinball Tables,ZRBFZJ3xDT,28/06/2023,PinStratsDan,Full,,,09/05/2022,Pinball Archive Rule Sheet: Jokerz!,Jokerz Pinball Tutorial & Gameplay (Williams 1988)
Judge Dredd ,Bally,1993,VPW,,Judge Dredd (Bally 1993) VPW - VPX - Pinball Tables,tyV4kDM2,28/06/2023,PinStratsDan,Full,,,03/06/2024,Pinball Archive Rule Sheet: Judge Dredd,
Jungle Lord ,Williams,1981,UnclePaulie,,Jungle Lord (Williams 1981) w VR Room - VPX - Pinball Tables,_0fhXbhm3h,28/06/2023,PinStratsDan,Full,,,,Pinball Archive Rule Sheet: Jungle Lord,Jungle Lord Pinball Tutorial and Gameplay
Junk Yard ,Williams,1996,TastyWasps,,Junk Yard (Williams 1996) - VPX - Pinball Tables,HjTs1Z1xIU,28/06/2023,PinStratsDan,Full,Midnight Madness mode,,08/05/2023,Pinball Archive Rule Sheet: Junkyard,Junk Yard Pinball Tutorial
Jurassic Park,Data East,1993,VPW,,Jurassic Park (Data East 1993) VPW - VPX - Pinball Tables,5AODI9kMDM,30/06/2024,Bietekwiet,Full,,,18/11/2024,Pinball Archive Rule Sheet: Jurassic Park,Jurassic Park - Rule Sheet - Pinball - By BKerins - GameFAQs
Killer Instinct,Original,2024,ZandysArcade,,KILLER INSTINCT - VPX - Pinball Tables,yXsqhMH3VR,08/10/2025,Mikepmcs,Full,,,06/10/2025,,
Kiss,Bally,1979,UnclePaulie,,Kiss (Bally 1979) - VPX - Pinball Tables,Y4tG8XBGOX,08/09/2025,Colvert,Full,,,,https://pinballprimer.github.io/kissbally_G4jXr.html,Classic Kiss: Learn to Play Bally’s 1979 Rock-Themed Pinball Chart Topper | Kineticist
Last Action Hero ,Data East,1993,VPW,,The Last Action Hero (Data East 1993) - VPX - Pinball Tables,Nfp46Y0vvm,28/06/2023,PinStratsDan,Full,,,29/05/2023,Pinball Archive Rule Sheet: Last Action Hero,Last Action Hero (Data East 1993) - VPX Video Instruction
Laser Cue,Williams,1984,UnclePaulie,,Laser Cue (Williams 1984) w VR Room - VPX - Pinball Tables,PCt3IrcAE2,01/07/2023,PinStratsDan,Full,,,,Laser Cue Mini-Guide | Pinball for Mortals!,
Laser War ,Data East,1987,UnclePaulie,,Laser War (Data East 1987) w VR Room - VPX - Pinball Tables,05ZahBsyNa,28/06/2023,PinStratsDan,Full,,,01/08/2022,laser-wars,
Lethal Weapon 3 ,Data East,1992,VPW,,Lethal Weapon 3 (Data East 1992) VPWmod - VPX - Pinball Tables,QHG8OrTf,28/06/2023,apophis,Full,,,17/06/2024,Pinball Archive Rule Sheet: Lethal Weapon 3,Lethal Weapon 3 Pinball Tips - YouTube
Maverick ,Data East,1994,VPW,,Maverick VPW (for VPX 10.7) (Data East 1994),FQIed3Gh,28/06/2023,PinStratsDan,Full,,,15/05/2023,Pinball Archive Rule Sheet: Maverick,
Medieval Madness,Williams,1997,VPW,,Medieval Madness (Williams 1997) VPW - VPX - Pinball Tables,zbyQ01wi3L,08/10/2025,PinStratsDan,Full,"No extra-balls, no grace time, outlanes set as hard on last CC",,13/10/2025,"""Medieval Madness"", ""Williams"", and lots of other things are probably trademarks and copyrights of WMS Industries. Sorry. Also, please feel free to distribute this rulesheet in any form, just don't charge for it.",Medieval Madness Pinball Tutorial
Medusa,Bally,1981,UnclePaulie,,Medusa (Bally 1981) w VR Room - VPX - Pinball Tables,uX6tpMMHin,03/09/2023,Colvert,Full,,,,Medusa Rulesheet,
Metallica Premium Monsters,Stern,2013,VPW,,Metallica Premium Monsters (Stern 2013) VPW Mod - VPX - Pinball Tables,AVaA_PMI,29/06/2023,Ballmrk,Full,,,09/12/2024,Metallica Rulesheet,Learn to play Metallica Premium Pinball - The Tunatorial
Meteor,Stern,1979,Bord,,Meteor (Stern 1979) [SK-5] - VPX - Pinball Tables,JJV0r5tW,30/06/2023,Colvert,Full,,,27/12/2021,Meteor (1979),Meteor Pinball Tutorial
MF Doom,Original,2024,VPW,,MF DOOM (GOILL773 2024) - VPX - Pinball Tables - Virtual Pinball Universe,Ug53LOj8gf,05/12/2024,Lminimart,Full,,,08/12/2025,MF DOOM (Original VPW 2024) Instructions - Instruction Cards - Virtual Pinball Universe,MF DOOM (GOILL773 2024) - VPX Video Instruction
Monster Bash ,Williams,1998,VPW,,Monster Bash (Williams 1998) VPWmod - VPX - Pinball Tables,rxmbAdBi,28/06/2023,PinStratsDan,Full,,,14/02/2022,Monster Bash Pinball Rules,Monster Bash Pinball Tutorial
Mousing Around ,Bally,1989,UnclePaulie,,Mousin' Around! (Bally 1989) w VR Room - VPX - Pinball Tables,LU4ybpv8Bs,28/06/2023,PinStratsDan,Full,,,06/03/2023,"Mousin' Around! Pinball Machine (Bally, 1989) - Mousin' Around Game Rules | Pinside Game Archive",Mousin Around Pinball Tutorial
Mustang,Stern,2014,TastyWasps,,Mustang (Stern 2014) - VPX - Pinball Tables,7xfv56UA5s,16/10/2023,Wolfanoz,Full,,,20/01/2025,Mustang wiki rulesheet,How to play Mustang Pro Pinball
Nascar,Stern,2005,TastyWasps,,NASCAR (Stern 2005) - VPX - Pinball Tables,0zmH-rbnaf,09/03/2024,RickNorton,Full,,,17/02/2025,nascar pinball official rules,
NBA Fastbreak ,Bally,1997,VPW,,NBA Fastbreak (Bally 1997) VPW Mod - VPX - Pinball Tables,RtqPsS0J,28/06/2023,PinStratsDan,Full,Midnight Madness mode,,03/10/2022,Pinball Archive Rule Sheet: NBA Fastbreak,NBA Fastbreak Pinball Tutorial
Nightmare Before Christmas,Original,2024,Tartzani,,Nightmare Before Christmas(2024) - VPX - Pinball Tables - Virtual Pinball Universe,LI9FmU9PDM,15/01/2025,Wolfanoz,Full,,,10/03/2025,Nightmare Before Christmas Help Instruction Card set - Portrait & Landscape - LTek - Instruction Cards - Virtual Pinball Universe,Nightmare Before Christmas (Original 2024) - Vpx Video Instruction - Instruction Cards - Virtual Pinball Universe
No Good Gofers,Williams,1997,Cl4ve,,No Good Gofers (Williams 1997) - VPX - Pinball Tables,49P5rcoB1a,05/01/2026,LordTheRon,Full,,,05/01/2026,No Good Gofers - Rule Sheet - Pinball - By Keefer - GameFAQs,No Good Gophers Pinball Tutorial
No Fear Dangerous Sports,Williams,1995,VPW,,No Fear: Dangerous Sports (Williams 1995) - VPX - Pinball Tables,nRFoCEXqBB,14/10/2023,Colvert,Full,,,27/11/2023,Pinball Archive Rule Sheet: No Fear,No Fear (Williams 1995) - VPX Video Instruction
Paragon,Bally ,1979,UnclePaulie,,Paragon (Bally 1979) - VPX - Pinball Tables,8W72lugfNJ,27/01/2024,Colvert,Full,,,22/01/2024,Paragon (1978),Paragon Pinball Tutorial
Pharaoh ,Williams,1981,UnclePaulie,,Pharaoh (Williams 1981) w VR Room - VPX - Pinball Tabless-sports-williams-1995/,yRvsBJNrh-,28/06/2023,PinStratsDan,Full,,,,Williams Pharaoh (1981) Rulesheet,
Pin·Bot,Williams,1986,Bord,,PIN·BOT (Williams 1986) - VPX - Pinball Tables,232sR2Et,29/06/2023,HayJay,Low,Stuck balls,,14/06/2021,Rules & Strategies,
Playboy ,Stern,2002,HiRez00,,Playboy (Stern 2002) - VPX - Pinball Tables,cqC1LMDt,28/06/2023,PinStratsDan,Full,,,10/01/2022,playboy,
Pole Position ,Sonic,1987,Nestorgian,,Pole Position (Sonic 1987) - VPX - Pinball Tables,HJQyw2hO,28/06/2023,PinStratsDan,Full,,,,,
Police Force,Williams,1989,VPW,,Police Force (Williams 1989) VPW - VPX - Pinball Tables,LiHKNO2WtU,03/09/2023,Colvert,Full,,,16/10/2023,Pinball Archive Rule Sheet: Police Force,GRC Feature Review! Rules! Gameplay!
Popeye Saves The Earth,Bally ,1994,TastyWasps,,Popeye Saves the Earth (Bally 1994) - Pinball Tables,cbrS1AzjrR,14/10/2023,Colvert,Full,,,,Pinball Archive Rule Sheet: Popeye,
Quicksilver,Stern,1980,VPW,,Quicksilver (Stern 1980) VPW - VPX - Pinball Tables,XFJQyLvHV6,28/09/2025,Mikepmcs,Full,,,03/11/2025,Quicksilver - Pinball Rules,Quicksilver Pinball (Stern 1980) Tutorial: Conquer the Fastest Silverball!
Radical,Bally,1990,VPW,,Radical (Bally 1990) Prototype VPW Mod - VPX - Pinball Tables,osNsfsKa,01/07/2023,Colvert,Full,,,19/02/2024,Pinball Archive Rule Sheet: Radical!,Radical Pinball Tutorial
Red & Ted's Road Show ,Williams,1994,VPW,,Red and Ted's Road Show (Williams 1994) VPW Mod - VPX - Pinball Tables,6f6Ehv_CPM,28/06/2023,Emb417,Full,,,11/08/2025,Pinball Archive Rule Sheet: Road Show,Road Show Pinball Tutorial
Ripley's Believe It or Not!,Stern,2004,VPW,,Ripley's Believe It or Not! (Stern 2004) VPW Mod - VPX - Pinball Tables,K9My93lAbN,09/03/2024,Colvert,Full,,,22/04/2024,Ripley's Believe It or Not! (Stern 2004) Instruction Card - Instruction Cards - Virtual Pinball Universe,Ripley's Believe It Or Not
Robot ,Zaccaria,1985,Wylte,,Robot (Zaccaria 1985) - VPX - Pinball Tables,ihSQRtLMOc,28/06/2023,PinStratsDan,Full,,,12/06/2023,Robot (1985),Robot Pinball Tutorial & Gameplay (Zaccaria 1984)
Rollercoaster Tycoon ,Stern,2002,VPW,,RollerCoaster Tycoon (Stern 2002) VPW - VPX - Pinball Tables,pdR76ona5F,22/09/2023,PinStratsDan,Full,,,13/11/2023,rollercoaster tycoon review,https://youtu.be/bO4e4XCbB74?si=ftvJb-SPZMoL549A
Scared Stiff ,Bally,1996,VPW,,Scared Stiff (Bally 1996) - VPX - Pinball Tables,D2CIdBZ8aL,28/06/2023,DGrimmReaper,Full,,,27/10/2025,Pinball Archive Rule Sheet: Scared Stiff,No Skeletons in Our Closet: The Ultimate Guide to Bally's Scared Stiff Pinball
Seawitch ,Stern,1980,Bord,,Seawitch (Stern 1980) [bord] - VPX - Pinball Tables,9f7hh91z,28/06/2023,PinStratsDan,Full,,,04/04/2022,Seawitch (1980),Stern Seawitch (1980) Pinball Tutorial
Secret Agent,Original,2024,Wizball,,Secret Agent (Original 2024) v1.0 - VPX - Pinball Tables - Virtual Pinball Universe,IFaNlY_dl5,02/12/2024,Donkeyklonk,Full,,,02/12/2024,in the download,
Shrek,Stern,2008,PaladinArcade,,Shrek (Stern 2008)(MOD) 1.0 - VPX - Pinball Tables,DBFRpPt3yZ,01/07/2023,PinStratsDan,Full,,,16/10/2022,Pinball Archive Rule Sheet: Shrek,
Skateball,Bally,1980,VPW,,Skateball (Bally 1980) VPW - VPX - Pinball Tables,M8mE81dZAv,24/09/2024,Laef,Full,,,21/07/2025,Skateball - Pinball Rules,Bally Skateball Pinball Rules - YouTube
Solar Fire ,Williams,1981,UnclePaulie,,Solar Fire (Williams 1981) w VR Room - VPX - Pinball Tables,ca_SduCCTT,28/06/2023,PinStratsDan,Full,,,12/09/2022,GameArchive: Solar Fire Instruction Booklet,
Sorcerer ,Williams,1985,UnclePaulie,,Sorcerer (Williams 1985) w VR Room - VPX - Pinball Tables,nVudvtnA,28/06/2023,PinStratsDan,Full,,,01/04/2024,Sorcerer (1985),
Space Riders,Atari,1978,Thalamus,,Space Riders (Atari 1978)10zip/,gcoCsFkPXu,06/05/2025,SmedleyBumblechuck,Full,Rollover 1 M,,05/05/2025,https://www.datocms-assets.com/137938/1745248638-doc1583-sc.jpg?fit=max&w=800&h=600,
Space Shuttle ,Williams,1984,Bord,,Space Shuttle (Williams 1984) - VPX - Pinball Tables,hJhqnLyr,28/06/2023,den_laef,Full,,,19/08/2024,Mark's Pinball Page - Space Shuttle Rule Sheet,
Space Station,Williams,1987,VPW,,Space Station (Williams 1987) ,rlLLcfXq2_,05/12/2024,Jutsuka,Full,,,12/01/2026,Space Station - Pinball Archive Rule Sheet,Rules & Strategies
Special Force,Bally,1986,VPW,,Special Force (Bally Midway 1986) VPW - VPX - Pinball Tables,MEO0gDngcT,09/03/2024,Colvert,Full,,,08/04/2024,Special Force (1986),Special Force (Bally 1986) - VPX Instruction Video
Spectrum,Bally,1981,VPW,,Spectrum (Bally 1981) VPW - VPX - Pinball Tables,OKzEyUQgkS,30/06/2024,BallMRK,Full,,,10/11/2025,Spectrum - Rule Sheet - Pinball - By DMowczan - GameFAQs,Spectrum (Bally 1981) - VPX Video Instruction
Spider-Man Vault Edition,Stern,2016,VPW,,Spider-Man Vault Edition : Siggi's Mod (Stern 2016) VPW Mod - VPX - Pinball Tables,A_CodyKoS7,01/07/2023,Colvert,Full,,,08/08/2022,Spider-Man Rulesheet WIP,"Go get 'em, Tiger! Mastering Stern's Spider-Man Pinball Machine"
SpongeBob's Bikini Bottom Pinball,Original,2023,VPW,,SpongeBob's Bikini Bottom Pinball VPW - VPX,hTwgaH56vw,30/06/2024,Czar,Full,,,30/06/2025,,SpongeBob's Bikini Bottom tutorial
Stargate,Gottlieb,1995,VPW,,Stargate - VPX - Pinball Tables - Virtual Pinball Universe,X590HVZs48,25/09/2025,S0l1dxsnake,Full,,,20/10/2025,Stargate (1995),Stargate Pinball Tutorial & Gameplay
Stargod,Zaccaria,1980,RetroRitchie,,Star God (Zaccaria 1980) - VPX - Pinball Tables,X_d2jKIMH_,18/09/2024,Ballmrk,Full,,,16/09/2024,Star God (1980),
Star Trek,Bally,1979,Rothbauerw,,Star Trek - VPX - Pinball Tables,52WOCBKf,12/09/2023,Studlygoorite,Full,,,,Star Trek Rules,Star Trek Pinball Tutorial
Star Trek The Next Generation ,Williams,1993,VPW,,Star Trek The Next Generation (Williams 1993) VPW Mod - VPX - Pinball Tables,t6AxPZxsNk,28/06/2023,Den_laef,Full,,,11/11/2024,Pinball Archive Rule Sheet: Star Trek: the Next Generation,Star Trek Next Generation Pinball Tutorial
Star Wars ,Data East,1992,VPW,,Star Wars (Data East 1992) VPW - VPX - Pinball Tables,tgFo6ils,28/06/2023,PinStratsDan,Full,,,,Pinball Archive Rule Sheet: Star Wars,
Star Wars Bounty Hunter ,Original,2021,Tartzani,,StarWars Bountyhunter - VPX - Pinball Tables,Ba357hhX,28/06/2023,PinStratsDan,Full,,,18/03/2024,Star Wars BountyHunter Instruction Card - Instruction Cards - Virtual Pinball Universe,
Stars ,Bally,1978,Bord,,Stars (Stern 1978) [SK-1] - VPX - Pinball Tables,_onCD2Vm,28/06/2023,PinStratsDan,Full,,,26/12/2022,Stars (1978),Stars Pinball Tutorial
Starship Troopers ,Sega,1997,VPW,,Starship Troopers (Sega 1997) VPW Mod - VPX - Pinball Tables,DbFuVTNKWt,28/06/2023,PinStratsDan,Full,,,01/05/2023,Pinball Archive Rule Sheet: Starship Troopers,"""Starship Troopers"" Virtual Pinball Table Tutorial"
Stellar Wars ,Williams,1979,Bord,,Stellar Wars (Williams 1979) - VPX - Pinball Tables,5_DerfzgwJ,28/06/2023,PinStratsDan,Full,,,16/05/2022,Pinball Archive Rule Sheet: Stellar Wars,
Stingray,Stern,1977,Bord,,Stingray (Stern 1977) - VPX - Pinball Tables,w5_IkLd0,01/07/2023,Mikepmcs,Full,,,25/11/2024,Stingray - Pinball Rules,Let's head under the Sea for a full Tutorial of Stingray!
Street Fighter II,Gottlieb,1983,VPW,,Street Fighter II (Gottlieb 1993) VPW - VPX - Pinball Tables,bp1bwDPjvO,08/10/2024,Primetime5k,Full,Rollover,,03/03/2025,Pinball Archive Rule Sheet: Street Fighter II,Street Fighter 2 Tutorial
Strikes and Spares ,Bally,1978,HiRez00,,Strikes and Spares (Bally 1978) 2.0 + Extras - VPX - Pinball Tables,0j5X3VbYoD,29/06/2023,HayJay,Full,,,,Strikes and Spares (1978),90 Second Pinball Tutorials -1978 Bally Strikes
Superman ,Atari,1979,Goldchicco,,Superman (Atari 1979) - VPX - Pinball Tables,VS5jOXLG,28/06/2023,PinStratsDan,Full,,,,Superman (1979),
Swords of Fury ,Williams,1988,Bord,,Swords of Fury (Williams 1988) - VPX - Pinball Tables,T0IHdM4dhw,28/06/2023,PinStratsDan,Full,,,10/07/2023,Swords of Fury - Rule Sheet - Pinball - By BElmore - GameFAQs,
Tales from the Crypt Premium,Data East,1993,VPW,,Tales From The Crypt VPW Premium (Data East 1993) - VPX - Pinball Tables,uVgZUZdK,28/06/2023,Jutsuka,Full,,,14/10/2024,Pinball Archive Rule Sheet: Tales from the Crypt,Tales from the Crypt (Data East 1993) - VPX Video Instruction
Tales of the Arabian Nights ,Williams,1996,Flupper1,,Tales of the Arabian Nights 4k Williams 1996 - VPX - Pinball Tables,CcCVZe1b,28/06/2023,Emb417,Full,,,27/01/2025,Pinball Archive Rule Sheet: Tales of the Arabian Nights,Tales of Arabian Nights Pinball Tutorial
Taxi ,Williams,1988,VPW,,Taxi (Williams 1988) VPW Mod - VPX - Pinball Tables,xJaND09W,28/06/2023,PinStratsDan,Full,,,30/08/2021,Pinball Archive Rule Sheet: Taxi,Taxi Pinball Tutorial
Tee'd Off ,Gottlieb,1993,Rothbauerw,,Tee'd Off (Gottlieb 1993) - VPX - Pinball Tables,P8VZtnGS,28/06/2023,PinStratsDan,Full,,,07/02/2022,Pinball Archive Rule Sheet: Tee'd Off,Tee'd Off Pinball Tutorial & Gameplay (Gottlieb  1993)
Terminator 2,Williams,1991,G5K,,Terminator 2 (Williams 1991) g5k - VPX - Pinball Tables,3a3JZPkj,01/07/2023,Wolfanoz,Full,,,23/12/2024,Pinball Archive Rule Sheet: Terminator 2: Judgment Day,Terminator 2 Pinball Tutorial
Time Fantasy,Williams,1983,VPW,,Time Fantasy (Williams 1983) VPW - VPX - Pinball Tables,2Sq1Rs4qMK,17/11/2025,DGrimmReaper,Full,,,17/11/2025,,
Time Lord,Original,2023,RusstyT,,TimeLord 4.1a (Luigi Rides Again) OriginalHybrid - VPX - Pinball Tables,DunzEHV9tw,29/09/2025,Emb417,Full,,,29/09/2025,,
The Addams Family,Bally,1992,G5K,,The Addams Family (Bally 1992) - VPX - Pinball Tables,Wq40ng8f,01/07/2023,HayJay,Full,,,03/04/2023,Pinball Archive Rule Sheet: The Addams Family,Addams Family Pinball Tutorial!
The Avengers Pro,Stern,2012,TastyWasps,,Avengers Pro (Stern 2012) - VPX - Pinball Tables,HCkwtrxM14,18/08/2023,Colvert,Full,,,,Hello and welcome to our In-Depth Review of Stern's latest game - The Avengers.,
The Blizzard of Ozz,Original,2025,ZandysArcade,,The Blizzard of Ozz - VPX - Pinball Tables,ecjSchd5Od,25/11/2025,Colvert,Full,,,24/11/2025,,
The Flintstones,Williams,1994,G5K,,The Flintstones,GHGA3K52,02/07/2023,Ballmrk,Full,Stock physics ?,,17/03/2025,Pinball Archive Rule Sheet: Flintstones,The Flintstones Pinball Tutorial
The Fog,Gottlieb,1979,HiRez00,,The Fog (Gottlieb 1979) Complete VPX Package - VPForums.org,SjrvM_f1,29/06/2023,HayJay,Full,,,03/01/2022,,
The Games,Gottlieb,1984,UnclePaulie,,The Games (Gottlieb 1984) - VPX - Pinball Tables - Virtual Pinball Universe,lIC_NgD9Fe,27/05/2025,Ballmrk,Full,,,27/05/2025,The Games (1984),"""The Games"" - a Virtual Pinball Tutorial"
The Goonies Never Say Die ,Original,2021,VPW,,The Goonies Never Say Die Pinball (VPW) - VPX,RJ5FwXlX,28/06/2023,BecauseReasons,Full,,,28/10/2024,The Goonies Never Say Die (Original 2021) - VPX Instructions - Instruction Cards - Virtual Pinball Universe,The Goonies Never Say Die Pinball (VPW 2021) - VPX Video Instruction
The Lord of the Rings Valinor Edition ,Stern,2003,VPW,,Lord of the Rings Valinor Edition (Stern 2003) VPW - VPX - Pinball Tables,ulolpyXq,28/06/2023,S0l1dxsnake,Full,,,02/09/2024,Lord of the Rings,VPX Pinball Tutorial: Lord of the Rings VE (Stern 2003)
The Machine: Bride of PinBot ,Williams,1991,VPW,,The Machine (Bride of Pinbot) Williams 1991 VPW mod - VPX - Pinball Tables,VhDvT01O7u,28/06/2023,PinStratsDan,Full,,,,Pinball Archive Rule Sheet: The Machine: Bride of Pinbot,Bride of Pinbot Pinball Tutorial
The Simpsons Pinball Party ,Stern,2003,VPW,,Simpsons Pinball Party (Stern 2003) VPW Mod - VPX,YOCIdisChN,28/06/2023,Ouattedephoque,Full,,,09/09/2024,tspp rulesheet,The Simpsons Pinball Party Rules & Gameplay Tutorial [Advanced Guide] | Kineticist
The Sopranos,Stern,2005,TastyWasps,,The Sopranos (Stern 2005) - VPX - Pinball Tables,5jnFSQuhWj,16/10/2025,PinStratsDan,Full,,,,"The Sopranos (Stern Pinball, 2005)",The Sopranos Pinball Tutorial
The Walking Dead,Stern,2014,Flupper,,The Walking Dead LE/Premium 4K (Stern 2014) - VPX - Pinball Tables,L3Q6Y_J654,06/05/2025,Ballmrk,Full,,,12/05/2025,https://tiltforums.com/t/walking-dead-wiki-rulesheet/122,TunaTorial: The Walking Dead Premium Pinball Tutorial - YouTube
The Who's Tommy Pinball Wizard ,Data East,1994,VPW,,The Who's Tommy Pinball Wizard (Data East 1994) VPWMod - VPX,T8COSpvkl-,28/06/2023,PinStratsDan,Full,,,25/07/2022,Pinball Archive Rule Sheet: The Who's Tommy,Tommy Pinball Tutorial
The X Files,Sega,1997,TastyWasps,,The X Files (Sega 1997) - VPX - Pinball Tables,ZA6P_nOSzT,29/06/2023,HayJay,Medium,,,24/07/2023,Pinball Archive Rule Sheet: X-Files,"""X-Files"" - a Virtual Pinball Tutorial & Playthrough"
Theatre of Magic,Bally,1995,Fleep,,Theatre of Magic (Bally 1995) 2.4 - VPForums.org,3cxF1Bss,29/06/2023,HayJay,Full,,,15/03/2021,Pinball Archive Rule Sheet: Theatre of Magic,Theatre of Magic Pinball Tutorial
ThunderCats Pinball ,Original,2023,MerlinRTP,,Thundercats Pinball,xhpcI1231-,28/06/2023,PinStratsDan,Full,,,,Thundercats (Original 2023) - VPX Instructions - Instruction Cards - Virtual Pinball Universe,
Time Fantasy,Williams,1983,VPW,,Time Fantasy (Williams 1983) VPW - VPX - Pinball Tables - Virtual Pinball Universe,2Sq1Rs4qMK,17/11/2025,Colvert,Full,,,17/11/2025,https://pinballprimer.github.io/timefantasy_G42Nz.html,
TimeLord 3.0,Original,2023,Avago,,TimeLord 3.0.5 (Luigi Saves the Universe) OriginalHybrid - VPX - Pinball Tables,vWT8GLvKPS,29/06/2023,HayJay,Medium,,,28/09/2025,TimeLord2.0 VPX visual pinball & major gameplays and overview,TimeLord!!! An Original Pinball GEM You Don't Want to Miss!
Tom and Jerry,Original,2022,Gedankekojote97,,Tom and Jerry mod nfozzy fleep sounds,GVDJWJHyK0,02/07/2023,HayJay,Medium,,,,in the download ,
Total Nuclear Annihilation ,Spooky,2017,VPW,,Total Nuclear Annihilation (Spooky 2017) VPW - VPX - Pinball Tables,d56VntTvLS,28/06/2023,Grndshkr,Full,,,24/03/2025,Total Nuclear Annihilation Rulesheet,Total Nuclear Annihilation Pinball Tutorial
Transformers Pro,Stern,2011,RobbyKingPin,,Transformers Pro (Stern 2011) v.2.0.1 with VR Room,uyJ5RDRCu6,22/08/2023,mikepmcs,Full,,,01/06/2024,"Now we'll examine at the rules, see how the game plays and then give our opinions and ratings for the various elements which go to make up Transformers.",Transformers Pinball Tutorial
Transporter the Rescue ,Bally,1989,VPW,,Transporter The Rescue (Bally 1989) VPW - VPX - Pinball Tables,K5y6-Rv_,28/06/2023,PinStratsDan,Full,,,19/06/2023,Pinball Archive Rule Sheet: Transporter: The Rescue,Transporter the Rescue Pinball Tutorial & Gameplay (Bally 1989)
Tron Legacy LE ,Stern,2011,VPW,,Tron Legacy LE (Stern 2011) VPW Mod - VPX - Pinball Tables,EbbcvZL7,28/06/2023,stubborngamer,Full,,,12/08/2024,tron legacy,Tron Legacy Pinball Tutorial
Truck Stop,Bally ,1988,MechaEnron,,Truck Stop (Bally 1988) - VPX - Pinball Tables - Virtual Pinball Universe,20CA2DVuf9,08/07/2025,Colvert,Full,,,,Truck Stop (1988),Truck Stop Pinball Tutorial: Navigating Bally's 1988
Twilight Zone ,Bally,1993,VPW,,Twilight Zone (Bally 1993) VPW Edition - VPX - Pinball Tables,bgnmeH-lBI,03/08/2024,stubborngamer,Full,,,29/07/2024,Twilight Zone (Bally 1993) - VPX Video Instruction,Twilight Zone Pinball Tutorial
Twister ,Sega,1996,UnclePaulie,,Twister (Sega 1996) with VR Room - VPX - Pinball Tables,_qAbKN6v,28/06/2023,PinStratsDan,Full,,,10/10/2022,Pinball Archive Rule Sheet: Twister,
TX-Sector,Gottlieb,1988,SG1bsoN,,TX-Sector Gottlieb 1988 sg1bson mod,SDsQSeU93e,28/06/2023,Ruby/Empie,Full,,,15/12/2025,TX-Sector,TX Sector Pinball Tutorial
Vector,Bally ,1982,Mecha_Enron,,Vector (Bally 1982) - VPX - Pinball Tables,LRKatp8vRL,28/01/2026,s0l1dxsnake,Full,,,26/01/2026,https://www.pinball.org/rules/vector.html,https://pinballprimer.github.io/vector_G486B.html
Volkan Steel and Metal,Original,2023,OneVox,,Volkan Steel and Metal (Original 2023) - VPX - Pinball Tables,qIOgOh8WTt,03/09/2023,Ed209,Full,,,29/12/2025,in the download ,
Voodoo's Carnival Pinball ,Original,2022,kcron666,,VooDoo's Carnival pinball,yTl763VWR7,28/06/2023,PinStratsDan,Full,,,30/05/2022,in the download ,
Wacky Races ,Original,2022,Remdwaas1986,,Wacky races - VPX - Pinball Tables,rWZlUIAfOh,28/06/2023,PinStratsDan,Full,,,12/02/2024,in the download ,
Warlok,Williams,1982,VPW,,Warlok (Williams 1982) VPW - VPX - Pinball Tables - Virtual Pinball Universe,H27e9-W4p4,03/12/2024,Jutsuka,Full,,,13/01/2025,Warlok - Pinball Rules,Williams - Warlok (1982)
Watchmen ,Original,2019,Wizball,,Watchmen (Original 2019) - VPX - Pinball Tables,luERq-1Q,28/06/2023,Ed209,Full,,,03/02/2025,in the download ,
Whirlwind ,Williams,1990,Flupper1,,Whirlwind 4K - VPForums.org,ZX39Pet3,28/06/2023,PinStratsDan,Full,,,12/12/2022,Pinball Archive Rule Sheet: Whirlwind,Whirlwind Pinball Tutorial
White Water,Williams,1993,Flupper1,,White Water (Williams 1993) v.1.2 - VPX - Pinball Tables - Virtual Pinball Universe,--fspsKJ,01/07/2023,HayJay,Full,,,14/03/2022,Pinball Archive Rule Sheet: Whitewater,Whitewater Pinball Tutorial & Gameplay (Williams 1993)
Who Dunnit 1947,Bally,1995,Bord,,Who Dunnit 1947 (Bally 2021) - VPX - Pinball Tables,EB649DTu,30/06/2023,PinStratsDan,Full,Midnight Madness mode,,22/02/2021,Pinball Archive Rule Sheet: WhoDunnit?,WHO dunnit? Pinball Tutorial and Playthrough - 20 billion
World Cup Soccer,Bally,1994,VPW,,World Cup Soccer (Bally 1994) - VPX - Pinball Tables,x8o6jTGv,02/07/2023,Lminimart,Full,,,18/08/2025,Pinball Archive Rule Sheet: World Cup Soccer,World Cup Soccer Pinball Tutorial
World Poker Tour,Stern,2006,RobbyKingPin,,World Poker Tour (Stern 2006) - Modified (MOD) Games - Virtual Pinball Universe,eexsQAY9Wd,04/08/2025,Lminimart,Full,,,04/08/2025,,
WWF Royal Rumble ,Data East,1994,Hauntfreaks,,WWF Royal Rumble (Data East 1994) DT/FS/VR - VPX - Pinball Tables,YmyJ5oTJ,28/06/2023,PinStratsDan,Full,,,,Pinball Archive Rule Sheet: WWF Royal Rumble,WWF Royal Rumble Pinball Tutorial
X-Men LE,Stern,2012,VPW,,X-Men LE (Stern 2012) VPW Mod - VPX - Pinball Tables,1kZjR9vx_G,28/06/2023,PinStratsDan,Full,,,28/07/2025,xmen-version-11-rules,X-Men LE Pinball Tutorial: Unleash Your Inner Mutant (Stern 2012)
Xenon,Bally,1980,Hauntfreaks,,Xenon (Bally 1980) - VPX - Pinball Tables,YSu2m-x3,25/06/2024,Bietekwiet,Full,,,,Xenon - Pinball Rules,Jeff's Xenon Pinball Rules and Strategies